#Organism Name,Organism Groups,Strain,BioSample,BioProject,Assembly,Level,Size(Mb),GC%,Replicons,WGS,Scaffolds,CDS,Release Date,GenBank FTP,RefSeq FTP
"Shewanella sp. YLB-09","Bacteria;Proteobacteria;Gammaproteobacteria","YLB-09","SAMN12496327","PRJNA558679","GCA_009372175.1","Complete",6.22549,43.6,"chromosome:NZ_CP045427.1/CP045427.1",,1,5121,"2019-10-28T00:00:00Z","ftp://ftp.ncbi.nlm.nih.gov/genomes/all/GCA/009/372/175/GCA_009372175.1_ASM937217v1","ftp://ftp.ncbi.nlm.nih.gov/genomes/all/GCF/009/372/175/GCF_009372175.1_ASM937217v1"
"Shewanella sp. W3-18-1","Bacteria;Proteobacteria;Gammaproteobacteria","W3-18-1","SAMN02598315","PRJNA13902","GCA_000015185.1","Complete",4.70838,44.6,"chromosome:NC_008750.1/CP000503.1",,1,4057,"2007-01-03T00:00:00Z","ftp://ftp.ncbi.nlm.nih.gov/genomes/all/GCA/000/015/185/GCA_000015185.1_ASM1518v1","ftp://ftp.ncbi.nlm.nih.gov/genomes/all/GCF/000/015/185/GCF_000015185.1_ASM1518v1"
"Shewanella sp. MR-4","Bacteria;Proteobacteria;Gammaproteobacteria","MR-4","SAMN02598317","PRJNA13904","GCA_000014685.1","Complete",4.70629,47.9,"chromosome:NC_008321.1/CP000446.1",,1,3933,"2006-09-01T00:00:00Z","ftp://ftp.ncbi.nlm.nih.gov/genomes/all/GCA/000/014/685/GCA_000014685.1_ASM1468v1","ftp://ftp.ncbi.nlm.nih.gov/genomes/all/GCF/000/014/685/GCF_000014685.1_ASM1468v1"
"Shewanella sp. WE21","Bacteria;Proteobacteria;Gammaproteobacteria","WE21","SAMN06562699","PRJNA400253","GCA_002966515.1","Complete",5.26675,45.3,"chromosome:NZ_CP023019.1/CP023019.1",,1,4381,"2018-03-01T00:00:00Z","ftp://ftp.ncbi.nlm.nih.gov/genomes/all/GCA/002/966/515/GCA_002966515.1_ASM296651v1","ftp://ftp.ncbi.nlm.nih.gov/genomes/all/GCF/002/966/515/GCF_002966515.1_ASM296651v1"
"Shewanella sp. Scap07","Bacteria;Proteobacteria;Gammaproteobacteria","Scap07","SAMN12071508","PRJNA549111","GCA_013394145.1","Complete",5.12964,45.3,"chromosome:NZ_CP041329.1/CP041329.1",,1,4381,"2020-07-08T00:00:00Z","ftp://ftp.ncbi.nlm.nih.gov/genomes/all/GCA/013/394/145/GCA_013394145.1_ASM1339414v1","ftp://ftp.ncbi.nlm.nih.gov/genomes/all/GCF/013/394/145/GCF_013394145.1_ASM1339414v1"
"Shewanella sp. Pdp11","Bacteria;Proteobacteria;Gammaproteobacteria","Pdp11","SAMN04495905","PRJNA312231","GCA_002838165.1","Complete",4.9737,46.2,"chromosome:NZ_CP015194.1/CP015194.1",,1,4122,"2017-12-13T00:00:00Z","ftp://ftp.ncbi.nlm.nih.gov/genomes/all/GCA/002/838/165/GCA_002838165.1_ASM283816v1","ftp://ftp.ncbi.nlm.nih.gov/genomes/all/GCF/002/838/165/GCF_002838165.1_ASM283816v1"
"Shewanella sp. WPAGA9","Bacteria;Proteobacteria;Gammaproteobacteria","WPAGA9","SAMN16261141","PRJNA665543","GCA_014840975.1","Complete",4.94299,40.8,"chromosome:NZ_CP062058.1/CP062058.1",,1,4067,"2020-10-04T00:00:00Z","ftp://ftp.ncbi.nlm.nih.gov/genomes/all/GCA/014/840/975/GCA_014840975.1_ASM1484097v1","ftp://ftp.ncbi.nlm.nih.gov/genomes/all/GCF/014/840/975/GCF_014840975.1_ASM1484097v1"
"Shewanella sp. Arc9-LZ","Bacteria;Proteobacteria;Gammaproteobacteria","Arc9-LZ","SAMN13831091","PRJNA600761","GCA_010092445.1","Complete",4.91103,41.6,"chromosome:NZ_CP048031.1/CP048031.1",,1,4048,"2020-02-01T00:00:00Z","ftp://ftp.ncbi.nlm.nih.gov/genomes/all/GCA/010/092/445/GCA_010092445.1_ASM1009244v1","ftp://ftp.ncbi.nlm.nih.gov/genomes/all/GCF/010/092/445/GCF_010092445.1_ASM1009244v1"
"Shewanella sp. FJAT-51649","Bacteria;Proteobacteria;Gammaproteobacteria","FJAT-51649","SAMN20446321","PRJNA750223","GCA_019457435.1","Complete",4.83353,48.1,"chromosome:NZ_CP080411.1/CP080411.1",,1,4064,"2021-08-06T00:00:00Z","ftp://ftp.ncbi.nlm.nih.gov/genomes/all/GCA/019/457/435/GCA_019457435.1_ASM1945743v1","ftp://ftp.ncbi.nlm.nih.gov/genomes/all/GCF/019/457/435/GCF_019457435.1_ASM1945743v1"
"Shewanella sp. MEBiC00475","Bacteria;Proteobacteria;Gammaproteobacteria","MEBiC00475","SAMN11523604","PRJNA540177","GCA_005234075.1","Complete",4.72852,40.6,"chromosome:NZ_CP039928.1/CP039928.1",,1,3944,"2019-05-08T00:00:00Z","ftp://ftp.ncbi.nlm.nih.gov/genomes/all/GCA/005/234/075/GCA_005234075.1_ASM523407v1","ftp://ftp.ncbi.nlm.nih.gov/genomes/all/GCF/005/234/075/GCF_005234075.1_ASM523407v1"
"Shewanella sp. FJAT-51754","Bacteria;Proteobacteria;Gammaproteobacteria","FJAT-51754","SAMN20446334","PRJNA750226","GCA_019457635.1","Complete",4.71284,48.2,"chromosome:NZ_CP080412.1/CP080412.1",,1,3939,"2021-08-06T00:00:00Z","ftp://ftp.ncbi.nlm.nih.gov/genomes/all/GCA/019/457/635/GCA_019457635.1_ASM1945763v1","ftp://ftp.ncbi.nlm.nih.gov/genomes/all/GCF/019/457/635/GCF_019457635.1_ASM1945763v1"
"Shewanella sp. FJAT-53555","Bacteria;Proteobacteria;Gammaproteobacteria","FJAT-53555","SAMN20447866","PRJNA750287","GCA_019457535.1","Complete",4.66156,53.5,"chromosome:NZ_CP080417.1/CP080417.1",,1,3898,"2021-08-06T00:00:00Z","ftp://ftp.ncbi.nlm.nih.gov/genomes/all/GCA/019/457/535/GCA_019457535.1_ASM1945753v1","ftp://ftp.ncbi.nlm.nih.gov/genomes/all/GCF/019/457/535/GCF_019457535.1_ASM1945753v1"
"Shewanella sp. LZH-2","Bacteria;Proteobacteria;Gammaproteobacteria","LZH-2","SAMN17521637","PRJNA694369","GCA_016859145.1","Complete",4.63453,46.3,"chromosome:NZ_CP069350.1/CP069350.1",,1,3906,"2021-02-10T00:00:00Z","ftp://ftp.ncbi.nlm.nih.gov/genomes/all/GCA/016/859/145/GCA_016859145.1_ASM1685914v1","ftp://ftp.ncbi.nlm.nih.gov/genomes/all/GCF/016/859/145/GCF_016859145.1_ASM1685914v1"
"Shewanella sp. FJAT-53681","Bacteria;Proteobacteria;Gammaproteobacteria","FJAT-53681","SAMN20447868","PRJNA750289","GCA_019457555.1","Complete",4.61982,53.7,"chromosome:NZ_CP080418.1/CP080418.1",,1,3881,"2021-08-06T00:00:00Z","ftp://ftp.ncbi.nlm.nih.gov/genomes/all/GCA/019/457/555/GCA_019457555.1_ASM1945755v1","ftp://ftp.ncbi.nlm.nih.gov/genomes/all/GCF/019/457/555/GCF_019457555.1_ASM1945755v1"
"Shewanella sp. FJAT-53764","Bacteria;Proteobacteria;Gammaproteobacteria","FJAT-53764","SAMN20447907","PRJNA750294","GCA_019457655.1","Complete",4.57872,53.8,"chromosome:NZ_CP080420.1/CP080420.1",,1,3856,"2021-08-06T00:00:00Z","ftp://ftp.ncbi.nlm.nih.gov/genomes/all/GCA/019/457/655/GCA_019457655.1_ASM1945765v1","ftp://ftp.ncbi.nlm.nih.gov/genomes/all/GCF/019/457/655/GCF_019457655.1_ASM1945765v1"
"Shewanella sp. FJAT-54031","Bacteria;Proteobacteria;Gammaproteobacteria","FJAT-54031","SAMN20447912","PRJNA750297","GCA_019457575.1","Complete",4.52639,53.8,"chromosome:NZ_CP080422.1/CP080422.1",,1,3804,"2021-08-06T00:00:00Z","ftp://ftp.ncbi.nlm.nih.gov/genomes/all/GCA/019/457/575/GCA_019457575.1_ASM1945757v1","ftp://ftp.ncbi.nlm.nih.gov/genomes/all/GCF/019/457/575/GCF_019457575.1_ASM1945757v1"
"Shewanella sp. FJAT-52072","Bacteria;Proteobacteria;Gammaproteobacteria","FJAT-52072","SAMN20446767","PRJNA750229","GCA_019457615.1","Complete",4.51386,53.7,"chromosome:NZ_CP080414.1/CP080414.1",,1,3838,"2021-08-06T00:00:00Z","ftp://ftp.ncbi.nlm.nih.gov/genomes/all/GCA/019/457/615/GCA_019457615.1_ASM1945761v1","ftp://ftp.ncbi.nlm.nih.gov/genomes/all/GCF/019/457/615/GCF_019457615.1_ASM1945761v1"
"Shewanella sp. FJAT-53532","Bacteria;Proteobacteria;Gammaproteobacteria","FJAT-53532","SAMN20447863","PRJNA750286","GCA_019457495.1","Complete",4.51374,53.9,"chromosome:NZ_CP080416.1/CP080416.1",,1,3810,"2021-08-06T00:00:00Z","ftp://ftp.ncbi.nlm.nih.gov/genomes/all/GCA/019/457/495/GCA_019457495.1_ASM1945749v1","ftp://ftp.ncbi.nlm.nih.gov/genomes/all/GCF/019/457/495/GCF_019457495.1_ASM1945749v1"
"Shewanella sp. FJAT-53749","Bacteria;Proteobacteria;Gammaproteobacteria","FJAT-53749","SAMN20447899","PRJNA750292","GCA_019457595.1","Complete",4.36874,44.4,"chromosome:NZ_CP080419.1/CP080419.1",,1,3667,"2021-08-06T00:00:00Z","ftp://ftp.ncbi.nlm.nih.gov/genomes/all/GCA/019/457/595/GCA_019457595.1_ASM1945759v1","ftp://ftp.ncbi.nlm.nih.gov/genomes/all/GCF/019/457/595/GCF_019457595.1_ASM1945759v1"
"Shewanella sp. FJAT-52076","Bacteria;Proteobacteria;Gammaproteobacteria","FJAT-52076","SAMN20447771","PRJNA750285","GCA_019457455.1","Complete",4.32993,54.1,"chromosome:NZ_CP080415.1/CP080415.1",,1,3701,"2021-08-06T00:00:00Z","ftp://ftp.ncbi.nlm.nih.gov/genomes/all/GCA/019/457/455/GCA_019457455.1_ASM1945745v1","ftp://ftp.ncbi.nlm.nih.gov/genomes/all/GCF/019/457/455/GCF_019457455.1_ASM1945745v1"
"Shewanella sp. FJAT-53870","Bacteria;Proteobacteria;Gammaproteobacteria","FJAT-53870","SAMN20447909","PRJNA750295","GCA_019457515.1","Complete",4.32358,44.9,"chromosome:NZ_CP080421.1/CP080421.1",,1,3641,"2021-08-06T00:00:00Z","ftp://ftp.ncbi.nlm.nih.gov/genomes/all/GCA/019/457/515/GCA_019457515.1_ASM1945751v1","ftp://ftp.ncbi.nlm.nih.gov/genomes/all/GCF/019/457/515/GCF_019457515.1_ASM1945751v1"
"Shewanella sp. FJAT-51860","Bacteria;Proteobacteria;Gammaproteobacteria","FJAT-51860","SAMN20446335","PRJNA750227","GCA_019457475.1","Complete",4.13365,46.6,"chromosome:NZ_CP080413.1/CP080413.1",,1,3391,"2021-08-06T00:00:00Z","ftp://ftp.ncbi.nlm.nih.gov/genomes/all/GCA/019/457/475/GCA_019457475.1_ASM1945747v1","ftp://ftp.ncbi.nlm.nih.gov/genomes/all/GCF/019/457/475/GCF_019457475.1_ASM1945747v1"
"Shewanella sp. OM3-2","Bacteria;Proteobacteria;Gammaproteobacteria","OM3-2","SAMN24697102","PRJNA795212","GCA_021513195.1","Complete",4.09274,41.1,"chromosome:NZ_CP090974.1/CP090974.1",,1,3261,"2022-01-19T00:00:00Z","ftp://ftp.ncbi.nlm.nih.gov/genomes/all/GCA/021/513/195/GCA_021513195.1_ASM2151319v1","ftp://ftp.ncbi.nlm.nih.gov/genomes/all/GCF/021/513/195/GCF_021513195.1_ASM2151319v1"
"Shewanella marisflavi","Bacteria;Proteobacteria;Gammaproteobacteria","EP1","SAMN07296262","PRJNA392357","GCA_002215585.1","Complete",4.32145,50,"chromosome:NZ_CP022272.1/CP022272.1",,1,3655,"2017-07-06T00:00:00Z","ftp://ftp.ncbi.nlm.nih.gov/genomes/all/GCA/002/215/585/GCA_002215585.1_ASM221558v1","ftp://ftp.ncbi.nlm.nih.gov/genomes/all/GCF/002/215/585/GCF_002215585.1_ASM221558v1"
"Shewanella glacialimarina","Bacteria;Proteobacteria;Gammaproteobacteria","TZS-4","SAMN12099356","PRJNA549918","GCA_020511155.1","Complete",4.45645,41.1,"chromosome:NZ_CP041216.1/CP041216.1",,1,3763,"2021-10-15T00:00:00Z","ftp://ftp.ncbi.nlm.nih.gov/genomes/all/GCA/020/511/155/GCA_020511155.1_ASM2051115v1","ftp://ftp.ncbi.nlm.nih.gov/genomes/all/GCF/020/511/155/GCF_020511155.1_ASM2051115v1"
"Shewanella marisflavi","Bacteria;Proteobacteria;Gammaproteobacteria","ECSMB14101","SAMN11840576","PRJNA544427","GCA_006494755.1","Complete",4.34349,49.9,"chromosome:NZ_CP041153.1/CP041153.1",,1,3655,"2019-06-27T00:00:00Z","ftp://ftp.ncbi.nlm.nih.gov/genomes/all/GCA/006/494/755/GCA_006494755.1_ASM649475v1","ftp://ftp.ncbi.nlm.nih.gov/genomes/all/GCF/006/494/755/GCF_006494755.1_ASM649475v1"
"Shewanella benthica","Bacteria;Proteobacteria;Gammaproteobacteria","DB21MT-2","SAMEA104724135","PRJEB25587","GCA_900476435.1","Complete",4.35351,45.9,"chromosome SHEWBE:NZ_LS483452.1/LS483452.1",,1,3532,"2018-06-24T00:00:00Z","ftp://ftp.ncbi.nlm.nih.gov/genomes/all/GCA/900/476/435/GCA_900476435.1_SHEWBE_PRJEB25587v2","ftp://ftp.ncbi.nlm.nih.gov/genomes/all/GCF/900/476/435/GCF_900476435.1_SHEWBE_PRJEB25587v2"
"Shewanella chilikensis","Bacteria;Proteobacteria;Gammaproteobacteria","TUM17377","SAMD00284636","PRJDB11301","GCA_019670565.1","Complete",4.61687,52.2,"chromosome:AP024611.1",,1,4066,"2021-05-13T00:00:00Z","ftp://ftp.ncbi.nlm.nih.gov/genomes/all/GCA/019/670/565/GCA_019670565.1_ASM1967056v1",
"Shewanella xiamenensis","Bacteria;Proteobacteria;Gammaproteobacteria","CQ-Y1","SAMN26156289","PRJNA809195","GCA_022453805.1","Complete",4.71089,46.5,"chromosome:NZ_CP092630.1/CP092630.1",,1,3959,"2022-03-03T00:00:00Z","ftp://ftp.ncbi.nlm.nih.gov/genomes/all/GCA/022/453/805/GCA_022453805.1_ASM2245380v1","ftp://ftp.ncbi.nlm.nih.gov/genomes/all/GCF/022/453/805/GCF_022453805.1_ASM2245380v1"
"Shewanella psychrophila","Bacteria;Proteobacteria;Gammaproteobacteria","WP2","SAMN04370084","PRJNA306925","GCA_002005305.1","Complete",6.35341,44.3,"chromosome:NZ_CP014782.1/CP014782.1",,1,5322,"2017-02-21T00:00:00Z","ftp://ftp.ncbi.nlm.nih.gov/genomes/all/GCA/002/005/305/GCA_002005305.1_ASM200530v1","ftp://ftp.ncbi.nlm.nih.gov/genomes/all/GCF/002/005/305/GCF_002005305.1_ASM200530v1"
"Shewanella carassii","Bacteria;Proteobacteria;Gammaproteobacteria","TUM17387","SAMD00284643","PRJDB11301","GCA_019670705.1","Complete",4.45456,52.7,"chromosome:NZ_AP024618.1/AP024618.1",,1,3823,"2021-05-13T00:00:00Z","ftp://ftp.ncbi.nlm.nih.gov/genomes/all/GCA/019/670/705/GCA_019670705.1_ASM1967070v1","ftp://ftp.ncbi.nlm.nih.gov/genomes/all/GCF/019/670/705/GCF_019670705.1_ASM1967070v1"
"Shewanella livingstonensis","Bacteria;Proteobacteria;Gammaproteobacteria","LMG 19866","SAMN10397595","PRJNA504722","GCA_003855395.1","Complete",4.83988,41.1,"chromosome:NZ_CP034015.1/CP034015.1",,1,4014,"2018-12-02T00:00:00Z","ftp://ftp.ncbi.nlm.nih.gov/genomes/all/GCA/003/855/395/GCA_003855395.1_ASM385539v1","ftp://ftp.ncbi.nlm.nih.gov/genomes/all/GCF/003/855/395/GCF_003855395.1_ASM385539v1"
"Shewanella donghaensis","Bacteria;Proteobacteria;Gammaproteobacteria","LT17","SAMN12340636","PRJNA556082","GCA_007567505.1","Complete",4.91277,40.2,"chromosome:NZ_CP041783.1/CP041783.1",,1,4012,"2019-07-29T00:00:00Z","ftp://ftp.ncbi.nlm.nih.gov/genomes/all/GCA/007/567/505/GCA_007567505.1_ASM756750v1","ftp://ftp.ncbi.nlm.nih.gov/genomes/all/GCF/007/567/505/GCF_007567505.1_ASM756750v1"
"Shewanella maritima","Bacteria;Proteobacteria;Gammaproteobacteria","D4-2","SAMN10928316","PRJNA522310","GCA_004295345.1","Complete",4.71801,44.5,"chromosome:NZ_CP036200.1/CP036200.1",,1,3810,"2019-02-25T00:00:00Z","ftp://ftp.ncbi.nlm.nih.gov/genomes/all/GCA/004/295/345/GCA_004295345.1_ASM429534v1","ftp://ftp.ncbi.nlm.nih.gov/genomes/all/GCF/004/295/345/GCF_004295345.1_ASM429534v1"
"Shewanella polaris","Bacteria;Proteobacteria;Gammaproteobacteria","SM1901","SAMN12027935","PRJNA548024","GCA_006385555.1","Complete",4.64854,40.5,"chromosome:NZ_CP041036.1/CP041036.1",,1,3872,"2019-06-23T00:00:00Z","ftp://ftp.ncbi.nlm.nih.gov/genomes/all/GCA/006/385/555/GCA_006385555.1_ASM638555v1","ftp://ftp.ncbi.nlm.nih.gov/genomes/all/GCF/006/385/555/GCF_006385555.1_ASM638555v1"
"Shewanella inventionis","Bacteria;Proteobacteria;Gammaproteobacteria","D1489","SAMN21199278","PRJNA759840","GCA_019931735.1","Complete",4.83164,42.4,"chromosome:NZ_CP082926.1/CP082926.1",,1,4088,"2021-09-13T00:00:00Z","ftp://ftp.ncbi.nlm.nih.gov/genomes/all/GCA/019/931/735/GCA_019931735.1_ASM1993173v1","ftp://ftp.ncbi.nlm.nih.gov/genomes/all/GCF/019/931/735/GCF_019931735.1_ASM1993173v1"
"Shewanella litorisediminis","Bacteria;Proteobacteria;Gammaproteobacteria","SMK1-12","SAMN17717471","PRJNA698398","GCA_016834455.1","Complete",4.23777,54,"chromosome:NZ_CP069213.1/CP069213.1",,1,3627,"2021-02-08T00:00:00Z","ftp://ftp.ncbi.nlm.nih.gov/genomes/all/GCA/016/834/455/GCA_016834455.1_ASM1683445v1","ftp://ftp.ncbi.nlm.nih.gov/genomes/all/GCF/016/834/455/GCF_016834455.1_ASM1683445v1"
"Shewanella cyperi","Bacteria;Proteobacteria;Gammaproteobacteria","FJAT-53726","SAMN18035052","PRJNA704215","GCA_017354925.1","Complete",4.13607,55.6,"chromosome:NZ_CP071504.1/CP071504.1",,1,3534,"2021-03-15T00:00:00Z","ftp://ftp.ncbi.nlm.nih.gov/genomes/all/GCA/017/354/925/GCA_017354925.1_ASM1735492v1","ftp://ftp.ncbi.nlm.nih.gov/genomes/all/GCF/017/354/925/GCF_017354925.1_ASM1735492v1"
"Shewanella avicenniae","Bacteria;Proteobacteria;Gammaproteobacteria","FJAT-51800","SAMN18035030","PRJNA704213","GCA_017354945.1","Complete",4.20168,48.3,"chromosome:NZ_CP071503.1/CP071503.1",,1,3573,"2021-03-15T00:00:00Z","ftp://ftp.ncbi.nlm.nih.gov/genomes/all/GCA/017/354/945/GCA_017354945.1_ASM1735494v1","ftp://ftp.ncbi.nlm.nih.gov/genomes/all/GCF/017/354/945/GCF_017354945.1_ASM1735494v1"
"Shewanella sedimentimangrovi","Bacteria;Proteobacteria;Gammaproteobacteria","FJAT-52962","SAMN18035026","PRJNA704211","GCA_017354965.1","Complete",4.24236,55.4,"chromosome:NZ_CP071502.1/CP071502.1",,1,3629,"2021-03-15T00:00:00Z","ftp://ftp.ncbi.nlm.nih.gov/genomes/all/GCA/017/354/965/GCA_017354965.1_ASM1735496v1","ftp://ftp.ncbi.nlm.nih.gov/genomes/all/GCF/017/354/965/GCF_017354965.1_ASM1735496v1"
"Shewanella yunxiaonensis","Bacteria;Proteobacteria;Gammaproteobacteria","FJAT-54481","SAMN18816500","PRJNA723418","GCA_018223345.1","Complete",3.81259,48.2,"chromosome:NZ_CP073587.1/CP073587.1",,1,3351,"2021-05-01T00:00:00Z","ftp://ftp.ncbi.nlm.nih.gov/genomes/all/GCA/018/223/345/GCA_018223345.1_ASM1822334v1","ftp://ftp.ncbi.nlm.nih.gov/genomes/all/GCF/018/223/345/GCF_018223345.1_ASM1822334v1"
"Shewanella eurypsychrophilus","Bacteria;Proteobacteria;Gammaproteobacteria","YLB-08","SAMN12228874","PRJNA553078","GCA_007004545.3","Complete",5.85132,43.5,"chromosome:NZ_CP045503.2/CP045503.2",,1,4820,"2019-10-24T00:00:00Z","ftp://ftp.ncbi.nlm.nih.gov/genomes/all/GCA/007/004/545/GCA_007004545.3_ASM700454v3","ftp://ftp.ncbi.nlm.nih.gov/genomes/all/GCF/007/004/545/GCF_007004545.3_ASM700454v3"
"Shewanella psychropiezotolerans","Bacteria;Proteobacteria;Gammaproteobacteria","YLB-06","SAMN12228833","PRJNA553076","GCA_007197555.1","Complete",6.4492,45.1,"chromosome:NZ_CP041614.1/CP041614.1",,1,5225,"2019-07-20T00:00:00Z","ftp://ftp.ncbi.nlm.nih.gov/genomes/all/GCA/007/197/555/GCA_007197555.1_ASM719755v1","ftp://ftp.ncbi.nlm.nih.gov/genomes/all/GCF/007/197/555/GCF_007197555.1_ASM719755v1"
"Shewanella cyperi","Bacteria;Proteobacteria;Gammaproteobacteria","FJAT-53720","SAMN18034999","PRJNA704209","GCA_017354985.1","Complete",4.13636,55.6,"chromosome:NZ_CP071501.1/CP071501.1",,1,3531,"2021-03-15T00:00:00Z","ftp://ftp.ncbi.nlm.nih.gov/genomes/all/GCA/017/354/985/GCA_017354985.1_ASM1735498v1","ftp://ftp.ncbi.nlm.nih.gov/genomes/all/GCF/017/354/985/GCF_017354985.1_ASM1735498v1"
"Shewanella dokdonensis","Bacteria;Proteobacteria;Gammaproteobacteria","DSM 23626","SAMN19103065","PRJNA728757","GCA_018394335.1","Complete",4.12741,49,"chromosome:NZ_CP074572.1/CP074572.1",,1,3188,"2021-05-18T00:00:00Z","ftp://ftp.ncbi.nlm.nih.gov/genomes/all/GCA/018/394/335/GCA_018394335.1_ASM1839433v1","ftp://ftp.ncbi.nlm.nih.gov/genomes/all/GCF/018/394/335/GCF_018394335.1_ASM1839433v1"
"Shewanella vesiculosa","Bacteria;Proteobacteria;Gammaproteobacteria","M7","SAMN18806533","PRJNA723175","GCA_021560015.1","Complete",4.78288,41.7,"chromosome:NZ_CP073588.1/CP073588.1",,1,3746,"2022-01-24T00:00:00Z","ftp://ftp.ncbi.nlm.nih.gov/genomes/all/GCA/021/560/015/GCA_021560015.1_ASM2156001v1","ftp://ftp.ncbi.nlm.nih.gov/genomes/all/GCF/021/560/015/GCF_021560015.1_ASM2156001v1"
"Shewanella chilikensis","Bacteria;Proteobacteria;Gammaproteobacteria","DC57","SAMN13198336","PRJNA587689","GCA_011106835.1","Complete",4.91043,52.4,"chromosome:NZ_CP045857.1/CP045857.1",,1,4205,"2020-03-10T00:00:00Z","ftp://ftp.ncbi.nlm.nih.gov/genomes/all/GCA/011/106/835/GCA_011106835.1_ASM1110683v1","ftp://ftp.ncbi.nlm.nih.gov/genomes/all/GCF/011/106/835/GCF_011106835.1_ASM1110683v1"
"Shewanella sp. KX20019","Bacteria;Proteobacteria;Gammaproteobacteria","KX20019","SAMN17370031","PRJNA692780","GCA_016757755.1","Complete",5.32922,43.774,"chromosome:NZ_CP068437.1/CP068437.1; plasmid p1:NZ_CP068438.1/CP068438.1",,2,4430,"2021-01-27T00:00:00Z","ftp://ftp.ncbi.nlm.nih.gov/genomes/all/GCA/016/757/755/GCA_016757755.1_ASM1675775v1","ftp://ftp.ncbi.nlm.nih.gov/genomes/all/GCF/016/757/755/GCF_016757755.1_ASM1675775v1"
"Shewanella sp. FDAARGOS_354","Bacteria;Proteobacteria;Gammaproteobacteria","FDAARGOS_354","SAMN06173367","PRJNA231221","GCA_002209245.2","Complete",5.06998,46.3767,"chromosome:NZ_CP022089.2/CP022089.2; plasmid unnamed1:NZ_CP022090.2/CP022090.2",,2,4263,"2017-06-27T00:00:00Z","ftp://ftp.ncbi.nlm.nih.gov/genomes/all/GCA/002/209/245/GCA_002209245.2_ASM220924v2","ftp://ftp.ncbi.nlm.nih.gov/genomes/all/GCF/002/209/245/GCF_002209245.2_ASM220924v2"
"Shewanella sp. SNU WT4","Bacteria;Proteobacteria;Gammaproteobacteria","SNU WT4","SAMN12084175","PRJNA549365","GCA_006494715.1","Complete",4.1297,45.5061,"chromosome:NZ_CP041151.1/CP041151.1; plasmid unnamed1:NZ_CP041152.1/CP041152.1",,2,3441,"2019-06-27T00:00:00Z","ftp://ftp.ncbi.nlm.nih.gov/genomes/all/GCA/006/494/715/GCA_006494715.1_ASM649471v1","ftp://ftp.ncbi.nlm.nih.gov/genomes/all/GCF/006/494/715/GCF_006494715.1_ASM649471v1"
"Shewanella amazonensis SB2B","Bacteria;Proteobacteria;Gammaproteobacteria","SB2B","SAMN02598298","PRJNA13385","GCA_000015245.1","Complete",4.30614,53.6,"chromosome:NC_008700.1/CP000507.1",,1,3663,"2006-12-21T00:00:00Z","ftp://ftp.ncbi.nlm.nih.gov/genomes/all/GCA/000/015/245/GCA_000015245.1_ASM1524v1","ftp://ftp.ncbi.nlm.nih.gov/genomes/all/GCF/000/015/245/GCF_000015245.1_ASM1524v1"
"Shewanella pealeana ATCC 700345","Bacteria;Proteobacteria;Gammaproteobacteria","ATCC 700345","SAMN02598386","PRJNA17415","GCA_000018285.1","Complete",5.17458,44.7,"chromosome:NC_009901.1/CP000851.1",,1,4237,"2007-10-04T00:00:00Z","ftp://ftp.ncbi.nlm.nih.gov/genomes/all/GCA/000/018/285/GCA_000018285.1_ASM1828v1","ftp://ftp.ncbi.nlm.nih.gov/genomes/all/GCF/000/018/285/GCF_000018285.1_ASM1828v1"
"Shewanella piezotolerans WP3","Bacteria;Proteobacteria;Gammaproteobacteria","WP3","SAMN02603456","PRJNA17675","GCA_000014885.1","Complete",5.39648,43.3,"chromosome:NC_011566.1/CP000472.1",,1,4423,"2008-11-13T00:00:00Z","ftp://ftp.ncbi.nlm.nih.gov/genomes/all/GCA/000/014/885/GCA_000014885.1_ASM1488v1","ftp://ftp.ncbi.nlm.nih.gov/genomes/all/GCF/000/014/885/GCF_000014885.1_ASM1488v1"
"Shewanella sediminis HAW-EB3","Bacteria;Proteobacteria;Gammaproteobacteria","HAW-EB3","SAMN02598412","PRJNA18789","GCA_000018025.1","Complete",5.51767,46.1,"chromosome:NC_009831.1/CP000821.1",,1,4541,"2007-09-18T00:00:00Z","ftp://ftp.ncbi.nlm.nih.gov/genomes/all/GCA/000/018/025/GCA_000018025.1_ASM1802v1","ftp://ftp.ncbi.nlm.nih.gov/genomes/all/GCF/000/018/025/GCF_000018025.1_ASM1802v1"
"Shewanella halifaxensis HAW-EB4","Bacteria;Proteobacteria;Gammaproteobacteria","HAW-EB4","SAMN02598431","PRJNA20241","GCA_000019185.1","Complete",5.22692,44.6,"chromosome:NC_010334.1/CP000931.1",,1,4312,"2008-02-07T00:00:00Z","ftp://ftp.ncbi.nlm.nih.gov/genomes/all/GCA/000/019/185/GCA_000019185.1_ASM1918v1","ftp://ftp.ncbi.nlm.nih.gov/genomes/all/GCF/000/019/185/GCF_000019185.1_ASM1918v1"
"Shewanella denitrificans OS217","Bacteria;Proteobacteria;Gammaproteobacteria","OS217","SAMN02598300","PRJNA13390","GCA_000013765.1","Complete",4.54591,45.1,"chromosome:NC_007954.1/CP000302.1",,1,3772,"2006-04-10T00:00:00Z","ftp://ftp.ncbi.nlm.nih.gov/genomes/all/GCA/000/013/765/GCA_000013765.1_ASM1376v1","ftp://ftp.ncbi.nlm.nih.gov/genomes/all/GCF/000/013/765/GCF_000013765.1_ASM1376v1"
"Shewanella loihica PV-4","Bacteria;Proteobacteria;Gammaproteobacteria","PV-4","SAMN00623064","PRJNA13906","GCA_000016065.1","Complete",4.60259,53.7,"chromosome:NC_009092.1/CP000606.1",,1,3891,"2007-03-07T00:00:00Z","ftp://ftp.ncbi.nlm.nih.gov/genomes/all/GCA/000/016/065/GCA_000016065.1_ASM1606v1","ftp://ftp.ncbi.nlm.nih.gov/genomes/all/GCF/000/016/065/GCF_000016065.1_ASM1606v1"
"Shewanella woodyi ATCC 51908","Bacteria;Proteobacteria;Gammaproteobacteria","ATCC 51908","SAMN02598391","PRJNA17455","GCA_000019525.1","Complete",5.9354,43.7,"chromosome:NC_010506.1/CP000961.1",,1,4874,"2008-03-13T00:00:00Z","ftp://ftp.ncbi.nlm.nih.gov/genomes/all/GCA/000/019/525/GCA_000019525.1_ASM1952v1","ftp://ftp.ncbi.nlm.nih.gov/genomes/all/GCF/000/019/525/GCF_000019525.1_ASM1952v1"
"Shewanella bicestrii","Bacteria;Proteobacteria;Gammaproteobacteria","JAB-1","SAMN07326684","PRJNA393250","GCA_002216875.1","Complete",5.00441,48.1317,"chromosome:NZ_CP022358.1/CP022358.1; plasmid pSHE-CTX-M:NZ_CP022359.1/CP022359.1; plasmid pSHE-2:NZ_CP022360.1/CP022360.1",,3,4222,"2017-07-12T00:00:00Z","ftp://ftp.ncbi.nlm.nih.gov/genomes/all/GCA/002/216/875/GCA_002216875.1_ASM221687v1","ftp://ftp.ncbi.nlm.nih.gov/genomes/all/GCF/002/216/875/GCF_002216875.1_ASM221687v1"
"Shewanella khirikhana","Bacteria;Proteobacteria;Gammaproteobacteria","TH2012","SAMN06480555","PRJNA378141","GCA_003957745.1","Complete",4.859,54.8295,"chromosome:NZ_CP020373.1/CP020373.1; plasmid pSTH1:NZ_CP020374.1/CP020374.1",,2,4111,"2018-12-21T00:00:00Z","ftp://ftp.ncbi.nlm.nih.gov/genomes/all/GCA/003/957/745/GCA_003957745.1_ASM395774v1","ftp://ftp.ncbi.nlm.nih.gov/genomes/all/GCF/003/957/745/GCF_003957745.1_ASM395774v1"
"Shewanella sp. ANA-3","Bacteria;Proteobacteria;Gammaproteobacteria","ANA-3","SAMN02598318","PRJNA13905","GCA_000203935.1","Complete",5.25115,47.9725,"chromosome 1:NC_008577.1/CP000469.1; plasmid unnamed1:NC_008573.1/CP000470.1",,2,4405,"2006-11-08T00:00:00Z","ftp://ftp.ncbi.nlm.nih.gov/genomes/all/GCA/000/203/935/GCA_000203935.1_ASM20393v1","ftp://ftp.ncbi.nlm.nih.gov/genomes/all/GCF/000/203/935/GCF_000203935.1_ASM20393v1"
"Shewanella sp. LC6","Bacteria;Proteobacteria;Gammaproteobacteria","LC6","SAMN12056290","PRJNA547647","GCA_006385735.2","Complete",5.51963,46.2615,"chromosome:NZ_CP043902.1/CP043902.1; plasmid pSX1_LC6:NZ_CP043903.1/CP043903.1; plasmid pSX2_LC6:NZ_CP043904.1/CP043904.1",,3,4726,"2019-09-13T00:00:00Z","ftp://ftp.ncbi.nlm.nih.gov/genomes/all/GCA/006/385/735/GCA_006385735.2_ASM638573v2","ftp://ftp.ncbi.nlm.nih.gov/genomes/all/GCF/006/385/735/GCF_006385735.2_ASM638573v2"
"Shewanella violacea DSS12","Bacteria;Proteobacteria;Gammaproteobacteria","DSS12","SAMD00060963","PRJDA34739","GCA_000091325.1","Complete",4.9621,44.7,"chromosome:NC_014012.1/AP011177.1",,1,3895,"2010-04-01T23:08:00Z","ftp://ftp.ncbi.nlm.nih.gov/genomes/all/GCA/000/091/325/GCA_000091325.1_ASM9132v1","ftp://ftp.ncbi.nlm.nih.gov/genomes/all/GCF/000/091/325/GCF_000091325.1_ASM9132v1"
"Shewanella aestuarii","Bacteria;Proteobacteria;Gammaproteobacteria","PN3F2","SAMN14403888","PRJNA613404","GCA_011765625.1","Complete",4.47286,40.931,"chromosome PN3F2:NZ_CP050313.1/CP050313.1; plasmid pPN3F2_1:NZ_CP050314.1/CP050314.1; plasmid pPN3F2_2:NZ_CP050315.1/CP050315.1",,3,3650,"2020-03-29T00:00:00Z","ftp://ftp.ncbi.nlm.nih.gov/genomes/all/GCA/011/765/625/GCA_011765625.1_ASM1176562v1","ftp://ftp.ncbi.nlm.nih.gov/genomes/all/GCF/011/765/625/GCF_011765625.1_ASM1176562v1"
"Shewanella xiamenensis","Bacteria;Proteobacteria;Gammaproteobacteria","NUITM-VS1","SAMD00396922","PRJDB10427","GCA_019973655.1","Complete",5.23452,46.5538,"chromosome:NZ_AP025014.1/AP025014.1; plasmid pNUITM-VS1_1:NZ_AP025015.1/AP025015.1; plasmid pNUITM-VS1_2:NZ_AP025016.1/AP025016.1",,3,4455,"2021-08-14T00:00:00Z","ftp://ftp.ncbi.nlm.nih.gov/genomes/all/GCA/019/973/655/GCA_019973655.1_ASM1997365v1","ftp://ftp.ncbi.nlm.nih.gov/genomes/all/GCF/019/973/655/GCF_019973655.1_ASM1997365v1"
"Shewanella decolorationis","Bacteria;Proteobacteria;Gammaproteobacteria","Ni1-3","SAMN09837225","PRJNA486101","GCA_007923045.4","Complete",5.28836,47.0863,"chromosome:NZ_CP031775.2/CP031775.3; plasmid pNi1-3:NZ_CP076856.1/CP076856.1",,2,4410,"2019-08-09T00:00:00Z","ftp://ftp.ncbi.nlm.nih.gov/genomes/all/GCA/007/923/045/GCA_007923045.4_ASM792304v4","ftp://ftp.ncbi.nlm.nih.gov/genomes/all/GCF/007/923/045/GCF_007923045.3_ASM792304v4"
"Shewanella baltica","Bacteria;Proteobacteria;Gammaproteobacteria","NCTC10737","SAMEA3881057","PRJEB6403","GCA_900636855.1","Complete",4.99975,46.4,"chromosome 1:NZ_LR134321.1/LR134321.1",,1,4095,"2018-12-19T00:00:00Z","ftp://ftp.ncbi.nlm.nih.gov/genomes/all/GCA/900/636/855/GCA_900636855.1_44858_H01","ftp://ftp.ncbi.nlm.nih.gov/genomes/all/GCF/900/636/855/GCF_900636855.1_44858_H01"
"Shewanella baltica","Bacteria;Proteobacteria;Gammaproteobacteria","CW2","SAMN08768697","PRJNA443144","GCA_003030925.1","Complete",4.94478,46.4,"chromosome:NZ_CP028355.1/CP028355.1",,1,4002,"2018-04-03T00:00:00Z","ftp://ftp.ncbi.nlm.nih.gov/genomes/all/GCA/003/030/925/GCA_003030925.1_ASM303092v1","ftp://ftp.ncbi.nlm.nih.gov/genomes/all/GCF/003/030/925/GCF_003030925.1_ASM303092v1"
"Shewanella baltica","Bacteria;Proteobacteria;Gammaproteobacteria","128","SAMN08730657","PRJNA438860","GCA_003052765.1","Complete",4.89621,46.4,"chromosome:NZ_CP028730.1/CP028730.1",,1,4011,"2018-04-17T00:00:00Z","ftp://ftp.ncbi.nlm.nih.gov/genomes/all/GCA/003/052/765/GCA_003052765.1_ASM305276v1","ftp://ftp.ncbi.nlm.nih.gov/genomes/all/GCF/003/052/765/GCF_003052765.1_ASM305276v1"
"Shewanella baltica OS678","Bacteria;Proteobacteria;Gammaproteobacteria","OS678","SAMN00016780","PRJNA47019","GCA_000178875.2","Complete",5.36877,46.276,"chromosome:NC_016901.1/CP002383.1; plasmid pSBAL67801:NC_016905.1/CP002384.1",,2,4455,"2010-12-21T00:00:00Z","ftp://ftp.ncbi.nlm.nih.gov/genomes/all/GCA/000/178/875/GCA_000178875.2_ASM17887v2","ftp://ftp.ncbi.nlm.nih.gov/genomes/all/GCF/000/178/875/GCF_000178875.2_ASM17887v2"
"Shewanella oneidensis MR-1","Bacteria;Proteobacteria;Gammaproteobacteria","MR-1","SAMN02604014","PRJNA335","GCA_000146165.2","Complete",5.13142,45.9276,"chromosome:NC_004347.2/AE014299.2; plasmid megaplasmid:NC_004349.1/AE014300.1",,2,4330,"2002-09-12T00:00:00Z","ftp://ftp.ncbi.nlm.nih.gov/genomes/all/GCA/000/146/165/GCA_000146165.2_ASM14616v2","ftp://ftp.ncbi.nlm.nih.gov/genomes/all/GCF/000/146/165/GCF_000146165.2_ASM14616v2"
"Shewanella frigidimarina NCIMB 400","Bacteria;Proteobacteria;Gammaproteobacteria","NCIMB 400","SAMN02598301","PRJNA13391","GCA_000014705.1","Complete",4.84526,41.6,"chromosome:NC_008345.1/CP000447.1",,1,3995,"2006-09-14T00:00:00Z","ftp://ftp.ncbi.nlm.nih.gov/genomes/all/GCA/000/014/705/GCA_000014705.1_ASM1470v1","ftp://ftp.ncbi.nlm.nih.gov/genomes/all/GCF/000/014/705/GCF_000014705.1_ASM1470v1"
"Shewanella japonica","Bacteria;Proteobacteria;Gammaproteobacteria","KCTC 22435","SAMN06628905","PRJNA380174","GCA_002075795.1","Complete",4.97568,40.8,"chromosome:NZ_CP020472.1/CP020472.1",,1,4076,"2017-03-31T00:00:00Z","ftp://ftp.ncbi.nlm.nih.gov/genomes/all/GCA/002/075/795/GCA_002075795.1_ASM207579v1","ftp://ftp.ncbi.nlm.nih.gov/genomes/all/GCF/002/075/795/GCF_002075795.1_ASM207579v1"
"Shewanella baltica OS185","Bacteria;Proteobacteria;Gammaproteobacteria","OS185","SAMN02598398","PRJNA17643","GCA_000017325.1","Complete",5.31291,46.2593,"chromosome:NC_009665.1/CP000753.1; plasmid pS18501:NC_009661.1/CP000754.1",,2,4414,"2007-07-10T00:00:00Z","ftp://ftp.ncbi.nlm.nih.gov/genomes/all/GCA/000/017/325/GCA_000017325.1_ASM1732v1","ftp://ftp.ncbi.nlm.nih.gov/genomes/all/GCF/000/017/325/GCF_000017325.1_ASM1732v1"
"Shewanella putrefaciens","Bacteria;Proteobacteria;Gammaproteobacteria","ATCC 8071","SAMN17120581","PRJNA686146","GCA_016406325.1","Complete",4.38633,44.4,"chromosome:NZ_CP066370.1/CP066370.1",,1,3715,"2020-12-27T00:00:00Z","ftp://ftp.ncbi.nlm.nih.gov/genomes/all/GCA/016/406/325/GCA_016406325.1_ASM1640632v1","ftp://ftp.ncbi.nlm.nih.gov/genomes/all/GCF/016/406/325/GCF_016406325.1_ASM1640632v1"
"Shewanella putrefaciens","Bacteria;Proteobacteria;Gammaproteobacteria","NCTC12093","SAMEA3724093","PRJEB6403","GCA_900636665.1","Complete",5.0494,47.9,"chromosome 1:NZ_LR134303.1/LR134303.1",,1,4227,"2018-12-19T00:00:00Z","ftp://ftp.ncbi.nlm.nih.gov/genomes/all/GCA/900/636/665/GCA_900636665.1_43781_G01","ftp://ftp.ncbi.nlm.nih.gov/genomes/all/GCF/900/636/665/GCF_900636665.1_43781_G01"
"Shewanella putrefaciens","Bacteria;Proteobacteria;Gammaproteobacteria","FDAARGOS_681","SAMN11056396","PRJNA231221","GCA_009730575.1","Complete",4.65962,44.5,"chromosome:NZ_CP046329.1/CP046329.1",,1,3953,"2019-12-05T00:00:00Z","ftp://ftp.ncbi.nlm.nih.gov/genomes/all/GCA/009/730/575/GCA_009730575.1_ASM973057v1","ftp://ftp.ncbi.nlm.nih.gov/genomes/all/GCF/009/730/575/GCF_009730575.1_ASM973057v1"
"Shewanella putrefaciens","Bacteria;Proteobacteria;Gammaproteobacteria","CGMCC-1.6515","SAMN17120582","PRJNA686146","GCA_016406305.1","Complete",4.5754,47,"chromosome:NZ_CP066369.1/CP066369.1",,1,3815,"2020-12-27T00:00:00Z","ftp://ftp.ncbi.nlm.nih.gov/genomes/all/GCA/016/406/305/GCA_016406305.1_ASM1640630v1","ftp://ftp.ncbi.nlm.nih.gov/genomes/all/GCF/016/406/305/GCF_016406305.1_ASM1640630v1"
"Shewanella putrefaciens","Bacteria;Proteobacteria;Gammaproteobacteria","XY07","SAMN17981346","PRJNA702878","GCA_017068195.1","Complete",4.38624,44.4,"chromosome:NZ_CP070865.1/CP070865.1",,1,3714,"2021-02-28T00:00:00Z","ftp://ftp.ncbi.nlm.nih.gov/genomes/all/GCA/017/068/195/GCA_017068195.1_ASM1706819v1","ftp://ftp.ncbi.nlm.nih.gov/genomes/all/GCF/017/068/195/GCF_017068195.1_ASM1706819v1"
"Shewanella baltica BA175","Bacteria;Proteobacteria;Gammaproteobacteria","BA175","SAMN00016994","PRJNA49719","GCA_000147735.3","Complete",5.1994,46.1333,"chromosome:NC_017571.1/CP002767.1; plasmid pSBAL17501:NC_017570.1/CP002768.1; plasmid pSBAL17502:NC_017572.1/CP002769.1",,3,4307,"2011-05-24T00:00:00Z","ftp://ftp.ncbi.nlm.nih.gov/genomes/all/GCA/000/147/735/GCA_000147735.3_ASM14773v3","ftp://ftp.ncbi.nlm.nih.gov/genomes/all/GCF/000/147/735/GCF_000147735.2_ASM14773v3"
"Shewanella putrefaciens","Bacteria;Proteobacteria;Gammaproteobacteria","YZ-J","SAMN20608154","PRJNA752807","GCA_019599125.1","Complete",4.38616,44.4,"chromosome:NZ_CP080635.1/CP080635.1",,1,3695,"2021-08-15T00:00:00Z","ftp://ftp.ncbi.nlm.nih.gov/genomes/all/GCA/019/599/125/GCA_019599125.1_ASM1959912v1","ftp://ftp.ncbi.nlm.nih.gov/genomes/all/GCF/019/599/125/GCF_019599125.1_ASM1959912v1"
"Shewanella putrefaciens","Bacteria;Proteobacteria;Gammaproteobacteria","WS13","SAMN08180388","PRJNA422021","GCA_003044255.1","Complete",4.38446,44.4,"chromosome:NZ_CP028435.1/CP028435.1",,1,3227,"2018-04-08T00:00:00Z","ftp://ftp.ncbi.nlm.nih.gov/genomes/all/GCA/003/044/255/GCA_003044255.1_ASM304425v1","ftp://ftp.ncbi.nlm.nih.gov/genomes/all/GCF/003/044/255/GCF_003044255.1_ASM304425v1"
"Shewanella putrefaciens","Bacteria;Proteobacteria;Gammaproteobacteria","JNE2","SAMN27681363","PRJNA829244","GCA_023159115.1","Complete",4.7411,44.7506,"chromosome:NZ_CP096169.1/CP096169.1; plasmid pJNE2-NDM:NZ_CP096170.1/CP096170.1",,2,4058,"2022-04-27T00:00:00Z","ftp://ftp.ncbi.nlm.nih.gov/genomes/all/GCA/023/159/115/GCA_023159115.1_ASM2315911v1","ftp://ftp.ncbi.nlm.nih.gov/genomes/all/GCF/023/159/115/GCF_023159115.1_ASM2315911v1"
"Shewanella algae","Bacteria;Proteobacteria;Gammaproteobacteria","RQs-106","SAMN13381317","PRJNA591395","GCA_009730655.1","Complete",4.99003,53,"chromosome:NZ_CP046378.1/CP046378.1",,1,4271,"2019-12-05T00:00:00Z","ftp://ftp.ncbi.nlm.nih.gov/genomes/all/GCA/009/730/655/GCA_009730655.1_ASM973065v1","ftp://ftp.ncbi.nlm.nih.gov/genomes/all/GCF/009/730/655/GCF_009730655.1_ASM973065v1"
"Shewanella algae","Bacteria;Proteobacteria;Gammaproteobacteria","CECT 5071","SAMN11083189","PRJNA526057","GCA_009183365.2","Complete",4.92476,53.1,"chromosome:NZ_CP068230.1/CP068230.1",,1,4224,"2021-01-13T00:00:00Z","ftp://ftp.ncbi.nlm.nih.gov/genomes/all/GCA/009/183/365/GCA_009183365.2_ASM918336v2","ftp://ftp.ncbi.nlm.nih.gov/genomes/all/GCF/009/183/365/GCF_009183365.2_ASM918336v2"
"Shewanella algae","Bacteria;Proteobacteria;Gammaproteobacteria","150735","SAMN16670464","PRJNA526057","GCA_017570325.1","Complete",5.07055,52.8,"chromosome:NZ_CP068229.1/CP068229.1",,1,4345,"2021-03-23T00:00:00Z","ftp://ftp.ncbi.nlm.nih.gov/genomes/all/GCA/017/570/325/GCA_017570325.1_ASM1757032v1","ftp://ftp.ncbi.nlm.nih.gov/genomes/all/GCF/017/570/325/GCF_017570325.1_ASM1757032v1"
"Shewanella algae","Bacteria;Proteobacteria;Gammaproteobacteria","TUM17382","SAMD00284639","PRJDB11301","GCA_019670625.1","Complete",5.04046,52.9,"chromosome:NZ_AP024614.1/AP024614.1",,1,4333,"2021-05-13T00:00:00Z","ftp://ftp.ncbi.nlm.nih.gov/genomes/all/GCA/019/670/625/GCA_019670625.1_ASM1967062v1","ftp://ftp.ncbi.nlm.nih.gov/genomes/all/GCF/019/670/625/GCF_019670625.1_ASM1967062v1"
"Shewanella putrefaciens","Bacteria;Proteobacteria;Gammaproteobacteria","YZ08","SAMN20607798","PRJNA752807","GCA_019599085.1","Complete",5.06312,46.2837,"chromosome:NZ_CP080633.1/CP080633.1; plasmid unnamed1:NZ_CP080634.1/CP080634.1",,2,4255,"2021-08-15T00:00:00Z","ftp://ftp.ncbi.nlm.nih.gov/genomes/all/GCA/019/599/085/GCA_019599085.1_ASM1959908v1","ftp://ftp.ncbi.nlm.nih.gov/genomes/all/GCF/019/599/085/GCF_019599085.1_ASM1959908v1"
"Shewanella baltica OS195","Bacteria;Proteobacteria;Gammaproteobacteria","OS195","SAMN00623061","PRJNA13389","GCA_000018765.1","Complete",5.54754,46.1909,"chromosome:NC_009997.1/CP000891.1; plasmid pS19501:NC_009998.1/CP000892.1; plasmid pS19502:NC_009999.1/CP000893.1; plasmid pS19503:NC_010000.1/CP000894.1",,4,4649,"2007-11-21T00:00:00Z","ftp://ftp.ncbi.nlm.nih.gov/genomes/all/GCA/000/018/765/GCA_000018765.1_ASM1876v1","ftp://ftp.ncbi.nlm.nih.gov/genomes/all/GCF/000/018/765/GCF_000018765.1_ASM1876v1"
"Shewanella algae","Bacteria;Proteobacteria;Gammaproteobacteria","2NE11","SAMN15232066","PRJNA547647","GCA_014263185.1","Complete",5.03081,53,"chromosome:NZ_CP055159.1/CP055159.1",,1,4274,"2020-08-21T00:00:00Z","ftp://ftp.ncbi.nlm.nih.gov/genomes/all/GCA/014/263/185/GCA_014263185.1_ASM1426318v1","ftp://ftp.ncbi.nlm.nih.gov/genomes/all/GCF/014/263/185/GCF_014263185.1_ASM1426318v1"
"Shewanella baltica OS117","Bacteria;Proteobacteria;Gammaproteobacteria","OS117","SAMN00713637","PRJNA49451","GCA_000215895.1","Complete",5.52602,45.9893,"chromosome:NC_017579.1/CP002811.1; plasmid pSBAL11701:NC_017577.1/CP002812.1; plasmid pSBAL11702:NC_017580.1/CP002813.1; plasmid pSBAL11703:NC_017578.1/CP002814.1",,4,4630,"2011-06-06T00:00:00Z","ftp://ftp.ncbi.nlm.nih.gov/genomes/all/GCA/000/215/895/GCA_000215895.1_ASM21589v1","ftp://ftp.ncbi.nlm.nih.gov/genomes/all/GCF/000/215/895/GCF_000215895.1_ASM21589v1"
"Shewanella algae","Bacteria;Proteobacteria;Gammaproteobacteria","A291","SAMN16670445","PRJNA526057","GCA_017570045.1","Complete",4.97157,53,"chromosome:NZ_CP068226.1/CP068226.1",,1,4202,"2021-03-23T00:00:00Z","ftp://ftp.ncbi.nlm.nih.gov/genomes/all/GCA/017/570/045/GCA_017570045.1_ASM1757004v1","ftp://ftp.ncbi.nlm.nih.gov/genomes/all/GCF/017/570/045/GCF_017570045.1_ASM1757004v1"
"Shewanella algae","Bacteria;Proteobacteria;Gammaproteobacteria","TUM17383","SAMD00284640","PRJDB11301","GCA_019670645.1","Complete",4.92127,53.1,"chromosome:NZ_AP024615.1/AP024615.1",,1,4186,"2021-05-13T00:00:00Z","ftp://ftp.ncbi.nlm.nih.gov/genomes/all/GCA/019/670/645/GCA_019670645.1_ASM1967064v1","ftp://ftp.ncbi.nlm.nih.gov/genomes/all/GCF/019/670/645/GCF_019670645.1_ASM1967064v1"
"Shewanella baltica OS223","Bacteria;Proteobacteria;Gammaproteobacteria","OS223","SAMN00623062","PRJNA17985","GCA_000021665.1","Complete",5.35888,46.2523,"chromosome:NC_011663.1/CP001252.1; plasmid pS22301:NC_011664.1/CP001253.1; plasmid pS22302:NC_011668.1/CP001254.1; plasmid pS22303:NC_011665.1/CP001255.1",,4,4422,"2008-12-15T00:00:00Z","ftp://ftp.ncbi.nlm.nih.gov/genomes/all/GCA/000/021/665/GCA_000021665.1_ASM2166v1","ftp://ftp.ncbi.nlm.nih.gov/genomes/all/GCF/000/021/665/GCF_000021665.1_ASM2166v1"
"Shewanella algae","Bacteria;Proteobacteria;Gammaproteobacteria","TUM17386","SAMD00284642","PRJDB11301","GCA_019670685.1","Complete",4.91144,53.1,"chromosome:NZ_AP024617.1/AP024617.1",,1,4195,"2021-05-13T00:00:00Z","ftp://ftp.ncbi.nlm.nih.gov/genomes/all/GCA/019/670/685/GCA_019670685.1_ASM1967068v1","ftp://ftp.ncbi.nlm.nih.gov/genomes/all/GCF/019/670/685/GCF_019670685.1_ASM1967068v1"
"Shewanella algae","Bacteria;Proteobacteria;Gammaproteobacteria","TUM17379","SAMD00284638","PRJDB11301","GCA_019670605.1","Complete",4.90992,53,"chromosome:NZ_AP024613.1/AP024613.1",,1,4196,"2021-05-13T00:00:00Z","ftp://ftp.ncbi.nlm.nih.gov/genomes/all/GCA/019/670/605/GCA_019670605.1_ASM1967060v1","ftp://ftp.ncbi.nlm.nih.gov/genomes/all/GCF/019/670/605/GCF_019670605.1_ASM1967060v1"
"Shewanella algae","Bacteria;Proteobacteria;Gammaproteobacteria","G1","SAMN16670468","PRJNA526057","GCA_017570225.1","Complete",4.88775,53,"chromosome:NZ_CP068228.1/CP068228.1",,1,4187,"2021-03-23T00:00:00Z","ftp://ftp.ncbi.nlm.nih.gov/genomes/all/GCA/017/570/225/GCA_017570225.1_ASM1757022v1","ftp://ftp.ncbi.nlm.nih.gov/genomes/all/GCF/017/570/225/GCF_017570225.1_ASM1757022v1"
"Shewanella algae","Bacteria;Proteobacteria;Gammaproteobacteria","TUM17378","SAMD00284637","PRJDB11301","GCA_019670585.1","Complete",4.87274,53,"chromosome:NZ_AP024612.1/AP024612.1",,1,4157,"2021-05-13T00:00:00Z","ftp://ftp.ncbi.nlm.nih.gov/genomes/all/GCA/019/670/585/GCA_019670585.1_ASM1967058v1","ftp://ftp.ncbi.nlm.nih.gov/genomes/all/GCF/019/670/585/GCF_019670585.1_ASM1967058v1"
"Shewanella algae","Bacteria;Proteobacteria;Gammaproteobacteria","TUM17384","SAMD00284641","PRJDB11301","GCA_019670665.1","Complete",4.87162,53.1,"chromosome:NZ_AP024616.1/AP024616.1",,1,4161,"2021-05-13T00:00:00Z","ftp://ftp.ncbi.nlm.nih.gov/genomes/all/GCA/019/670/665/GCA_019670665.1_ASM1967066v1","ftp://ftp.ncbi.nlm.nih.gov/genomes/all/GCF/019/670/665/GCF_019670665.1_ASM1967066v1"
"Shewanella algae","Bacteria;Proteobacteria;Gammaproteobacteria","ATCC 49138","SAMD00284623","PRJDB11301","GCA_019670525.1","Complete",4.84969,53,"chromosome:NZ_AP024609.1/AP024609.1",,1,4154,"2021-05-13T00:00:00Z","ftp://ftp.ncbi.nlm.nih.gov/genomes/all/GCA/019/670/525/GCA_019670525.1_ASM1967052v1","ftp://ftp.ncbi.nlm.nih.gov/genomes/all/GCF/019/670/525/GCF_019670525.1_ASM1967052v1"
"Shewanella algae","Bacteria;Proteobacteria;Gammaproteobacteria","A59","SAMN16670438","PRJNA526057","GCA_017570125.1","Complete",4.81765,53.1,"chromosome:NZ_CP068227.1/CP068227.1",,1,4110,"2021-03-23T00:00:00Z","ftp://ftp.ncbi.nlm.nih.gov/genomes/all/GCA/017/570/125/GCA_017570125.1_ASM1757012v1","ftp://ftp.ncbi.nlm.nih.gov/genomes/all/GCF/017/570/125/GCF_017570125.1_ASM1757012v1"
"Shewanella algae","Bacteria;Proteobacteria;Gammaproteobacteria","TUM4442","SAMD00284628","PRJDB11301","GCA_019670545.1","Complete",4.79877,53.1,"chromosome:NZ_AP024610.1/AP024610.1",,1,4090,"2021-05-13T00:00:00Z","ftp://ftp.ncbi.nlm.nih.gov/genomes/all/GCA/019/670/545/GCA_019670545.1_ASM1967054v1","ftp://ftp.ncbi.nlm.nih.gov/genomes/all/GCF/019/670/545/GCF_019670545.1_ASM1967054v1"
"Shewanella algae","Bacteria;Proteobacteria;Gammaproteobacteria","VGH117","SAMN08166472","PRJNA507868","GCA_014702225.1","Complete",4.7968,53.1,"chromosome:NZ_CP034246.1/CP034246.1",,1,4116,"2020-09-22T00:00:00Z","ftp://ftp.ncbi.nlm.nih.gov/genomes/all/GCA/014/702/225/GCA_014702225.1_ASM1470222v1","ftp://ftp.ncbi.nlm.nih.gov/genomes/all/GCF/014/702/225/GCF_014702225.1_ASM1470222v1"
"Shewanella algae","Bacteria;Proteobacteria;Gammaproteobacteria","CCU101","SAMN06099076","PRJNA356098","GCA_003427415.1","Complete",4.91934,53.0677,"chromosome:CP018456.1; plasmid unnamed:CP018457.1",,2,3944,"2018-08-24T00:00:00Z","ftp://ftp.ncbi.nlm.nih.gov/genomes/all/GCA/003/427/415/GCA_003427415.1_ASM342741v1","ftp://ftp.ncbi.nlm.nih.gov/genomes/all/GCF/003/427/415/GCF_003427415.1_ASM342741v1"
"Shewanella algae","Bacteria;Proteobacteria;Gammaproteobacteria","KC-Na-R1","SAMN10373660","PRJNA503779","GCA_003721455.1","Complete",5.20344,52.7683,"chromosome:NZ_CP033575.1/CP033575.1; plasmid pKC-Na-R1:NZ_CP033574.1/CP033574.1",,2,4511,"2018-11-12T00:00:00Z","ftp://ftp.ncbi.nlm.nih.gov/genomes/all/GCA/003/721/455/GCA_003721455.1_ASM372145v1","ftp://ftp.ncbi.nlm.nih.gov/genomes/all/GCF/003/721/455/GCF_003721455.1_ASM372145v1"
"Shewanella putrefaciens","Bacteria;Proteobacteria;Gammaproteobacteria","JNE7","SAMN27681361","PRJNA829126","GCA_023159135.1","Complete",4.81508,44.9026,"chromosome:NZ_CP096166.1/CP096166.1; plasmid pJNE7-5k:NZ_CP096168.1/CP096168.1; plasmid pJNE7-NDM:NZ_CP096167.1/CP096167.1",,3,4104,"2022-04-27T00:00:00Z","ftp://ftp.ncbi.nlm.nih.gov/genomes/all/GCA/023/159/135/GCA_023159135.1_ASM2315913v1","ftp://ftp.ncbi.nlm.nih.gov/genomes/all/GCF/023/159/135/GCF_023159135.1_ASM2315913v1"
"Shewanella putrefaciens","Bacteria;Proteobacteria;Gammaproteobacteria","JNE10-2","SAMN27681346","PRJNA829047","GCA_023159095.1","Complete",4.83523,44.9407,"chromosome:NZ_CP096163.1/CP096163.1; plasmid pJNE10-2-5k:NZ_CP096165.1/CP096165.1; plasmid pJNE10-2-NDM:NZ_CP096164.1/CP096164.1",,3,4115,"2022-04-27T00:00:00Z","ftp://ftp.ncbi.nlm.nih.gov/genomes/all/GCA/023/159/095/GCA_023159095.1_ASM2315909v1","ftp://ftp.ncbi.nlm.nih.gov/genomes/all/GCF/023/159/095/GCF_023159095.1_ASM2315909v1"
"Shewanella baltica OS155","Bacteria;Proteobacteria;Gammaproteobacteria","OS155","SAMN02598299","PRJNA13386","GCA_000015845.1","Complete",5.3429,46.2451,"chromosome:NC_009052.1/CP000563.1; plasmid pSbal01:NC_009035.1/CP000564.1; plasmid pSbal02:NC_009036.1/CP000565.1; plasmid pSbal03:NC_009037.1/CP000566.1; plasmid pSbal04:NC_009038.1/CP000567.1",,5,4426,"2007-02-20T00:00:00Z","ftp://ftp.ncbi.nlm.nih.gov/genomes/all/GCA/000/015/845/GCA_000015845.1_ASM1584v1","ftp://ftp.ncbi.nlm.nih.gov/genomes/all/GCF/000/015/845/GCF_000015845.1_ASM1584v1"
"Shewanella algae","Bacteria;Proteobacteria;Gammaproteobacteria","18064-CSB-B-B","SAMN13381879","PRJNA591450","GCA_009846595.1","Complete",4.90387,53.0421,"chromosome:NZ_CP047422.1/CP047422.1; plasmid p18064-65-CSB-B-B:NZ_CP047421.1/CP047421.1",,2,4248,"2020-01-10T00:00:00Z","ftp://ftp.ncbi.nlm.nih.gov/genomes/all/GCA/009/846/595/GCA_009846595.1_ASM984659v1","ftp://ftp.ncbi.nlm.nih.gov/genomes/all/GCF/009/846/595/GCF_009846595.1_ASM984659v1"
"Shewanella putrefaciens","Bacteria;Proteobacteria;Gammaproteobacteria","SA70","SAMN06673971","PRJNA381311","GCA_002157365.2","Complete",5.31674,47.8865,"chromosome:NZ_CP078038.1/CP078038.1; plasmid pSA70-2:NZ_CP078039.1/CP078039.1; plasmid pSA70-3:NZ_CP078040.1/CP078040.1; plasmid pSA70-4:NZ_CP078041.1/CP078041.1",,4,4455,"2021-07-02T00:00:00Z","ftp://ftp.ncbi.nlm.nih.gov/genomes/all/GCA/002/157/365/GCA_002157365.2_ASM215736v2","ftp://ftp.ncbi.nlm.nih.gov/genomes/all/GCF/002/157/365/GCF_002157365.2_ASM215736v2"
